V,I,P,Irr,T
1.9118,2.798014769,5.349244636,100,40
2.13975,2.79794141,5.986895133,100,40
2.3677,2.797868051,6.624512185,100,40
2.59565,2.797794692,7.262095793,100,40
2.8236,2.797721333,7.899645957,100,40
3.05155,2.797647974,8.537162676,100,40
3.2795,2.797574615,9.174645951,100,40
3.50745,2.797501256,9.812095781,100,40
3.7354,2.797427897,10.44951217,100,40
3.96335,2.797354538,11.08689511,100,40
4.1913,2.797281179,11.72424461,100,40
4.41925,2.79720782,12.36156066,100,40
4.6472,2.797134461,12.99884327,100,40
4.87515,2.797061102,13.63609243,100,40
5.1031,2.796987743,14.27330815,100,40
5.33105,2.796914383,14.91049042,100,40
5.559,2.796841024,15.54763925,100,40
5.78695,2.796767665,16.18475464,100,40
6.0149,2.796694306,16.82183658,100,40
6.24285,2.796620947,17.45888508,100,40
6.4708,2.796547588,18.09590013,100,40
6.69875,2.796474228,18.73288174,100,40
6.9267,2.796400869,19.3698299,100,40
7.15465,2.79632751,20.00674462,100,40
7.3826,2.796254151,20.64362589,100,40
7.61055,2.796180791,21.28047372,100,40
7.8385,2.796107432,21.91728811,100,40
8.06645,2.796034073,22.55406905,100,40
8.2944,2.795960713,23.19081654,100,40
8.52235,2.795887354,23.82753059,100,40
8.7503,2.795813995,24.4642112,100,40
8.97825,2.795740635,25.10085836,100,40
9.2062,2.795667276,25.73747208,100,40
9.43415,2.795593916,26.37405235,100,40
9.6621,2.795520557,27.01059917,100,40
9.89005,2.795447197,27.64711256,100,40
10.118,2.795373838,28.28359249,100,40
10.34595,2.795300478,28.92003899,100,40
10.5739,2.795227119,29.55645203,100,40
10.80185,2.795153759,30.19283164,100,40
11.0298,2.7950804,30.82917779,100,40
11.25775,2.79500704,31.46549051,100,40
11.4857,2.79493368,32.10176977,100,40
11.71365,2.794860321,32.7380156,100,40
11.9416,2.794786961,33.37422797,100,40
12.16955,2.794713601,34.01040691,100,40
12.3975,2.794640242,34.64655239,100,40
12.62545,2.794566882,35.28266444,100,40
12.8534,2.794493522,35.91874303,100,40
13.08135,2.794420162,36.55478819,100,40
13.3093,2.794346802,37.19079989,100,40
13.53725,2.794273442,37.82677816,100,40
13.7652,2.794200082,38.46272297,100,40
13.99315,2.794126722,39.09863434,100,40
14.2211,2.794053362,39.73451227,100,40
14.44905,2.793980002,40.37035675,100,40
14.677,2.793906642,41.00616779,100,40
14.90495,2.793833282,41.64194538,100,40
15.1329,2.793759922,42.27768952,100,40
15.36085,2.793686562,42.91340022,100,40
15.5888,2.793613201,43.54907747,100,40
15.81675,2.793539841,44.18472128,100,40
16.0447,2.793466481,44.82033164,100,40
16.27265,2.79339312,45.45590856,100,40
16.5006,2.79331976,46.09145203,100,40
16.72855,2.793246399,46.72696205,100,40
16.9565,2.793173039,47.36243863,100,40
17.18445,2.793099678,47.99788176,100,40
17.4124,2.793026317,48.63329145,100,40
17.64035,2.792952957,49.26866769,100,40
17.8683,2.792879596,49.90401049,100,40
18.09625,2.792806235,50.53931983,100,40
18.3242,2.792732874,51.17459574,100,40
18.55215,2.792659513,51.80983819,100,40
18.7801,2.792586152,52.4450472,100,40
19.00805,2.792512791,53.08022276,100,40
19.236,2.79243943,53.71536488,100,40
19.46395,2.792366069,54.35047355,100,40
19.6919,2.792292708,54.98554877,100,40
19.91985,2.792219346,55.62059055,100,40
20.1478,2.792145985,56.25559888,100,40
20.37575,2.792072624,56.89057376,100,40
20.6037,2.791999262,57.5255152,100,40
20.83165,2.7919259,58.16042318,100,40
21.0596,2.791852539,58.79529772,100,40
21.28755,2.791779177,59.43013882,100,40
21.5155,2.791705815,60.06494646,100,40
21.74345,2.791632453,60.69972066,100,40
21.9714,2.791559091,61.33446141,100,40
22.19935,2.791485729,61.96916872,100,40
22.4273,2.791412367,62.60384257,100,40
22.65525,2.791339004,63.23848298,100,40
22.8832,2.791265642,63.87308994,100,40
23.11115,2.791192279,64.50766345,100,40
23.3391,2.791118917,65.14220351,100,40
23.56705,2.791045554,65.77671013,100,40
23.795,2.790972191,66.41118329,100,40
24.02295,2.790898828,67.04562301,100,40
24.2509,2.790825465,67.68002928,100,40
24.47885,2.790752102,68.3144021,100,40
24.7068,2.790678739,68.94874146,100,40
24.93475,2.790605375,69.58304738,100,40
25.1627,2.790532012,70.21731986,100,40
25.39065,2.790458648,70.85155888,100,40
25.6186,2.790385284,71.48576445,100,40
25.84655,2.79031192,72.11993657,100,40
26.0745,2.790238556,72.75407524,100,40
26.30245,2.790165192,73.38818046,100,40
26.5304,2.790091828,74.02225223,100,40
26.75835,2.790018463,74.65629055,100,40
26.9863,2.789945099,75.29029541,100,40
27.21425,2.789871734,75.92426683,100,40
27.4422,2.789798369,76.55820479,100,40
27.67015,2.789725004,77.19210931,100,40
27.8981,2.789651638,77.82598037,100,40
28.12605,2.789578273,78.45981797,100,40
28.354,2.789504907,79.09362213,100,40
28.58195,2.789431541,79.72739283,100,40
28.8099,2.789358175,80.36113008,100,40
29.03785,2.789284809,80.99483388,100,40
29.2658,2.789211442,81.62850422,100,40
29.49375,2.789138075,82.26214111,100,40
29.7217,2.789064709,82.89574455,100,40
29.94965,2.788991341,83.52931453,100,40
30.1776,2.788917974,84.16285105,100,40
30.40555,2.788844606,84.79635412,100,40
30.6335,2.788771239,85.42982374,100,40
30.86145,2.788697871,86.0632599,100,40
31.0894,2.788624502,86.6966626,100,40
31.31735,2.788551134,87.33003185,100,40
31.5453,2.788477765,87.96336763,100,40
31.77325,2.788404396,88.59666997,100,40
32.0012,2.788331026,89.22993884,100,40
32.22915,2.788257657,89.86317425,100,40
32.4571,2.788184287,90.49637621,100,40
32.68505,2.788110916,91.12954471,100,40
32.913,2.788037546,91.76267975,100,40
33.14095,2.787964175,92.39578132,100,40
33.3689,2.787890804,93.02884944,100,40
33.59685,2.787817432,93.6618841,100,40
33.8248,2.78774406,94.29488529,100,40
34.05275,2.787670688,94.92785302,100,40
34.2807,2.787597316,95.56078729,100,40
34.50865,2.787523943,96.1936881,100,40
34.7366,2.787450569,96.82655544,100,40
34.96455,2.787377195,97.45938932,100,40
35.1925,2.787303821,98.09218973,100,40
35.42045,2.787230447,98.72495668,100,40
35.6484,2.787157072,99.35769016,100,40
35.87635,2.787083696,99.99039017,100,40
36.1043,2.787010321,100.6230567,100,40
36.33225,2.786936944,101.2556898,100,40
36.5602,2.786863568,101.8882894,100,40
36.78815,2.78679019,102.5208555,100,40
37.0161,2.786716813,103.1533882,100,40
37.24405,2.786643434,103.7858874,100,40
37.472,2.786570056,104.4183531,100,40
37.69995,2.786496676,105.0507854,100,40
37.9279,2.786423297,105.6831841,100,40
38.15585,2.786349916,106.3155494,100,40
38.3838,2.786276535,106.9478813,100,40
38.61175,2.786203154,107.5801796,100,40
38.8397,2.786129771,108.2124445,100,40
39.06765,2.786056389,108.8446759,100,40
39.2956,2.785983005,109.4768738,100,40
39.52355,2.785909621,110.1090382,100,40
39.7515,2.785836236,110.7411692,100,40
39.97945,2.785762851,111.3732666,100,40
40.2074,2.785689465,112.0053306,100,40
40.43535,2.785616078,112.6373611,100,40
40.6633,2.78554269,113.2693581,100,40
40.89125,2.785469302,113.9013216,100,40
41.1192,2.785395913,114.5332516,100,40
41.34715,2.785322523,115.1651482,100,40
41.5751,2.785249132,115.7970112,100,40
41.80305,2.78517574,116.4288407,100,40
42.031,2.785102348,117.0606368,100,40
42.25895,2.785028954,117.6923993,100,40
42.4869,2.78495556,118.3241284,100,40
42.71485,2.784882165,118.9558239,100,40
42.9428,2.784808769,119.587486,100,40
43.17075,2.784735371,120.2191145,100,40
43.3987,2.784661973,120.8507096,100,40
43.62665,2.784588574,121.4822711,100,40
43.8546,2.784515173,122.1137991,100,40
44.08255,2.784441772,122.7452936,100,40
44.3105,2.784368369,123.3767546,100,40
44.53845,2.784294965,124.0081821,100,40
44.7664,2.78422156,124.6395761,100,40
44.99435,2.784148154,125.2709365,100,40
45.2223,2.784074747,125.9022634,100,40
45.45025,2.784001338,126.5335568,100,40
45.6782,2.783927928,127.1648167,100,40
45.90615,2.783854516,127.796043,100,40
46.1341,2.783781103,128.4272358,100,40
46.36205,2.783707689,129.0583951,100,40
46.59,2.783634273,129.6895208,100,40
46.81795,2.783560856,130.320613,100,40
47.0459,2.783487437,130.9516716,100,40
47.27385,2.783414017,131.5826967,100,40
47.5018,2.783340595,132.2136883,100,40
47.72975,2.783267171,132.8446463,100,40
47.9577,2.783193746,133.4755707,100,40
48.18565,2.783120319,134.1064616,100,40
48.4136,2.783046889,134.7373189,100,40
48.64155,2.782973459,135.3681426,100,40
48.8695,2.782900026,135.9989328,100,40
49.09745,2.782826591,136.6296894,100,40
49.3254,2.782753154,137.2604124,100,40
49.55335,2.782679716,137.8911019,100,40
49.7813,2.782606275,138.5217577,100,40
50.00925,2.782532831,139.15238,100,40
50.2372,2.782459386,139.7829687,100,40
50.46515,2.782385938,140.4135237,100,40
50.6931,2.782312488,141.0440452,100,40
50.92105,2.782239036,141.6745331,100,40
51.149,2.782165581,142.3049873,100,40
51.37695,2.782092124,142.9354079,100,40
51.6049,2.782018664,143.5657949,100,40
51.83285,2.781945201,144.1961483,100,40
52.0608,2.781871736,144.826468,100,40
52.28875,2.781798267,145.4567541,100,40
52.5167,2.781724796,146.0870066,100,40
52.74465,2.781651322,146.7172254,100,40
52.9726,2.781577845,147.3474105,100,40
53.20055,2.781504364,147.977562,100,40
53.4285,2.781430881,148.6076798,100,40
53.65645,2.781357394,149.2377639,100,40
53.8844,2.781283904,149.8678144,100,40
54.11235,2.78121041,150.4978311,100,40
54.3403,2.781136913,151.1278142,100,40
54.56825,2.781063412,151.7577635,100,40
54.7962,2.780989907,152.3876791,100,40
55.02415,2.780916398,153.017561,100,40
55.2521,2.780842886,153.6474092,100,40
55.48005,2.780769369,154.2772236,100,40
55.708,2.780695848,154.9070043,100,40
55.93595,2.780622323,155.5367512,100,40
56.1639,2.780548794,156.1664644,100,40
56.39185,2.78047526,156.7961438,100,40
56.6198,2.780401721,157.4257894,100,40
56.84775,2.780328177,158.0554012,100,40
57.0757,2.780254629,158.6849791,100,40
57.30365,2.780181076,159.3145233,100,40
57.5316,2.780107517,159.9440336,100,40
57.75955,2.780033954,160.5735101,100,40
57.9875,2.779960385,161.2029528,100,40
58.21545,2.77988681,161.8323616,100,40
58.4434,2.779813229,162.4617365,100,40
58.67135,2.779739643,163.0910775,100,40
58.8993,2.779666051,163.7203846,100,40
59.12725,2.779592452,164.3496578,100,40
59.3552,2.779518848,164.9788971,100,40
59.58315,2.779445236,165.6081024,100,40
59.8111,2.779371618,166.2372738,100,40
60.03905,2.779297993,166.8664112,100,40
60.267,2.779224361,167.4955146,100,40
60.49495,2.779150722,168.124584,100,40
60.7229,2.779077076,168.7536194,100,40
60.95085,2.779003422,169.3826207,100,40
61.1788,2.77892976,170.011588,100,40
61.40675,2.77885609,170.6405212,100,40
61.6347,2.778782412,171.2694203,100,40
61.86265,2.778708725,171.8982853,100,40
62.0906,2.77863503,172.5271162,100,40
62.31855,2.778561325,173.1559129,100,40
62.5465,2.778487612,173.7846754,100,40
62.77445,2.778413889,174.4134038,100,40
63.0024,2.778340157,175.0420979,100,40
63.23035,2.778266415,175.6707578,100,40
63.4583,2.778192662,176.2993834,100,40
63.68625,2.7781189,176.9279748,100,40
63.9142,2.778045126,177.5565318,100,40
64.14215,2.777971342,178.1850545,100,40
64.3701,2.777897546,178.8135428,100,40
64.59805,2.777823739,179.4419968,100,40
64.826,2.77774992,180.0704163,100,40
65.05395,2.777676089,180.6988014,100,40
65.2819,2.777602245,181.327152,100,40
65.50985,2.777528389,181.9554681,100,40
65.7378,2.777454519,182.5837497,100,40
65.96575,2.777380636,183.2119967,100,40
66.1937,2.777306739,183.8402091,100,40
66.42165,2.777232827,184.4683868,100,40
66.6496,2.777158901,185.0965299,100,40
66.87755,2.777084961,185.7246383,100,40
67.1055,2.777011004,186.3527119,100,40
67.33345,2.776937032,186.9807508,100,40
67.5614,2.776863044,187.6087549,100,40
67.78935,2.776789039,188.236724,100,40
68.0173,2.776715017,188.8646583,100,40
68.24525,2.776640978,189.4925577,100,40
68.4732,2.77656692,190.120422,100,40
68.70115,2.776492844,190.7482514,100,40
68.9291,2.776418749,191.3760456,100,40
69.15705,2.776344635,192.0038047,100,40
69.385,2.7762705,192.6315287,100,40
69.61295,2.776196345,193.2592174,100,40
69.8409,2.77612217,193.8868708,100,40
70.06885,2.776047972,194.5144889,100,40
70.2968,2.775973752,195.1420717,100,40
70.52475,2.77589951,195.769619,100,40
70.7527,2.775825244,196.3971308,100,40
70.98065,2.775750954,197.024607,100,40
71.2086,2.77567664,197.6520476,100,40
71.43655,2.7756023,198.2794525,100,40
71.6645,2.775527935,198.9068217,100,40
71.89245,2.775453543,199.534155,100,40
72.1204,2.775379123,200.1614525,100,40
72.34835,2.775304676,200.788714,100,40
72.5763,2.7752302,201.4159395,100,40
72.80425,2.775155694,202.0431289,100,40
73.0322,2.775081158,202.6702821,100,40
73.26015,2.77500659,203.2973991,100,40
73.4881,2.774931991,203.9244797,100,40
73.71605,2.774857359,204.5515238,100,40
73.944,2.774782694,205.1785315,100,40
74.17195,2.774707994,205.8055026,100,40
74.3999,2.774633258,206.4324369,100,40
74.62785,2.774558486,207.0593345,100,40
74.8558,2.774483677,207.6861952,100,40
75.08375,2.774408829,208.3130189,100,40
75.3117,2.774333942,208.9398055,100,40
75.53965,2.774259015,209.566555,100,40
75.7676,2.774184046,210.1932671,100,40
75.99555,2.774109035,210.8199418,100,40
76.2235,2.77403398,211.446579,100,40
76.45145,2.77395888,212.0731786,100,40
76.6794,2.773883734,212.6997404,100,40
76.90735,2.773808541,213.3262643,100,40
77.1353,2.773733299,213.9527501,100,40
77.36325,2.773658008,214.5791979,100,40
77.5912,2.773582665,215.2056073,100,40
77.81915,2.773507271,215.8319783,100,40
78.0471,2.773431822,216.4583108,100,40
78.27505,2.773356318,217.0846045,100,40
78.503,2.773280758,217.7108593,100,40
78.73095,2.773205139,218.3370752,100,40
78.9589,2.773129461,218.9632518,100,40
79.18685,2.773053721,219.5893891,100,40
79.4148,2.772977919,220.2154868,100,40
79.64275,2.772902051,220.8415449,100,40
79.8707,2.772826118,221.467563,100,40
80.09865,2.772750117,222.0935411,100,40
80.3266,2.772674045,222.719479,100,40
80.55455,2.772597902,223.3453764,100,40
80.7825,2.772521686,223.9712331,100,40
81.01045,2.772445394,224.597049,100,40
81.2384,2.772369025,225.2228238,100,40
81.46635,2.772292576,225.8485573,100,40
81.6943,2.772216045,226.4742492,100,40
81.92225,2.77213943,227.0998995,100,40
82.1502,2.77206273,227.7255077,100,40
82.37815,2.771985941,228.3510737,100,40
82.6061,2.771909062,228.9765972,100,40
82.83405,2.77183209,229.6020779,100,40
83.062,2.771755022,230.2275156,100,40
83.28995,2.771677856,230.85291,100,40
83.5179,2.77160059,231.4782609,100,40
83.74585,2.77152322,232.1035679,100,40
83.9738,2.771445745,232.7288307,100,40
84.20175,2.77136816,233.354049,100,40
84.4297,2.771290465,233.9792225,100,40
84.65765,2.771212654,234.604351,100,40
84.8856,2.771134726,235.2294339,100,40
85.11355,2.771056678,235.8544711,100,40
85.3415,2.770978505,236.4794621,100,40
85.56945,2.770900205,237.1044066,100,40
85.7974,2.770821775,237.7293042,100,40
86.02535,2.770743211,238.3541545,100,40
86.2533,2.770664509,238.9789571,100,40
86.48125,2.770585667,239.6037117,100,40
86.7092,2.770506679,240.2284178,100,40
86.93715,2.770427543,240.8530749,100,40
87.1651,2.770348254,241.4776826,100,40
87.39305,2.770268809,242.1022405,100,40
87.621,2.770189203,242.7267482,100,40
87.84895,2.770109432,243.351205,100,40
88.0769,2.770029492,243.9756105,100,40
88.30485,2.769949378,244.5999643,100,40
88.5328,2.769869085,245.2242657,100,40
88.76075,2.769788609,245.8485143,100,40
88.9887,2.769707946,246.4727095,100,40
89.21665,2.76962709,247.0968507,100,40
89.4446,2.769546035,247.7209373,100,40
89.67255,2.769464778,248.3449688,100,40
89.9005,2.769383312,248.9689444,100,40
90.12845,2.769301632,249.5928637,100,40
90.3564,2.769219732,250.2167258,100,40
90.58435,2.769137607,250.8405302,100,40
90.8123,2.769055251,251.4642761,100,40
91.04025,2.768972656,252.0879629,100,40
91.2682,2.768889819,252.7115897,100,40
91.49615,2.768806731,253.3351559,100,40
91.7241,2.768723386,253.9586607,100,40
91.95205,2.768639777,254.5821032,100,40
92.18,2.768555898,255.2054827,100,40
92.40795,2.768471742,255.8287983,100,40
92.6359,2.7683873,256.4520491,100,40
92.86385,2.768302566,257.0752343,100,40
93.0918,2.768217532,257.6983529,100,40
93.31975,2.76813219,258.3214039,100,40
93.5477,2.768046531,258.9443865,100,40
93.77565,2.767960548,259.5672996,100,40
94.0036,2.767874232,260.1901422,100,40
94.23155,2.767787574,260.8129132,100,40
94.4595,2.767700566,261.4356116,100,40
94.68745,2.767613197,262.0582362,100,40
94.9154,2.767525458,262.6807859,100,40
95.14335,2.76743734,263.3032595,100,40
95.3713,2.767347284,263.925508,100,40
95.59925,2.767259874,264.5479685,100,40
95.8272,2.767161542,265.1693425,100,40
96.05515,2.767077436,265.7920382,100,40
96.2831,2.766986792,266.414066,100,40
96.51105,2.766884095,267.0348892,100,40
96.739,2.766810198,267.6584518,100,40
96.96695,2.766714845,268.2799,100,40
97.1949,2.766618272,268.9011863,100,40
97.42285,2.766529237,269.5231629,100,40
97.6508,2.76644127,270.1452032,100,40
97.87875,2.766336289,270.765538,100,40
98.1067,2.766252076,271.3878626,100,40
98.33465,2.766158554,272.0092333,100,40
98.5626,2.766062755,272.6303369,100,40
98.79055,2.765966383,273.2513402,100,40
99.0185,2.765866404,273.8719425,100,40
99.24645,2.765771752,274.4930279,100,40
99.4744,2.765676148,275.1139754,100,40
99.70235,2.765577738,275.7345996,100,40
99.9303,2.765476477,276.354894,100,40
100.15825,2.765375247,276.9751453,100,40
100.3862,2.765277348,277.5956849,100,40
100.61415,2.765177832,278.2160172,100,40
100.8421,2.765076269,278.8360976,100,40
101.07005,2.764971112,279.4557685,100,40
101.298,2.764869763,280.0757772,100,40
101.52595,2.764762445,280.6951337,100,40
101.7539,2.764659987,281.3149359,100,40
101.98185,2.764553272,281.9342571,100,40
102.2098,2.764448875,282.5537666,100,40
102.43775,2.764342431,283.1730189,100,40
102.6657,2.7642327,283.7918851,100,40
102.89365,2.764122579,284.4106612,100,40
103.1216,2.764012958,285.0294387,100,40
103.34955,2.763900201,285.647842,100,40
103.5775,2.76379241,286.2667083,100,40
103.80545,2.763677577,286.8847945,100,40
104.0334,2.763563647,287.5029223,100,40
104.26135,2.763448621,288.1208839,100,40
104.4893,2.763332962,288.7387268,100,40
104.71725,2.763214833,289.3562585,100,40
104.9452,2.763097711,289.9738419,100,40
105.17315,2.762978292,290.5911304,100,40
105.4011,2.762856294,291.2080925,100,40
105.62905,2.762734203,291.8249893,100,40
105.857,2.762611982,292.4418166,100,40
106.08495,2.762487535,293.058352,100,40
106.3129,2.762361394,293.6746507,100,40
106.54085,2.762231725,294.2905159,100,40
106.7688,2.762104966,294.9066327,100,40
106.99675,2.761974574,295.522303,100,40
107.2247,2.761842684,296.1377532,100,40
107.45265,2.761709256,296.7529781,100,40
107.6806,2.76157425,297.3679722,100,40
107.90855,2.761437626,297.9827301,100,40
108.1365,2.76129934,298.5972461,100,40
108.36445,2.761159349,299.2115142,100,40
108.5924,2.761017609,299.8255286,100,40
108.82035,2.760874075,300.4392831,100,40
109.0483,2.760728698,301.0527713,100,40
109.27625,2.760581433,301.6659868,100,40
109.5042,2.760432228,302.2789228,100,40
109.73215,2.760281028,302.8915718,100,40
109.9601,2.760116327,303.5026673,100,40
110.18805,2.759954186,304.1139699,100,40
110.416,2.759814989,304.7277319,100,40
110.64395,2.759655306,305.3391637,100,40
110.8719,2.75949336,305.9502719,100,40
111.09985,2.759329093,306.5610484,100,40
111.3278,2.759162445,307.1714849,100,40
111.55575,2.758993354,307.7815729,100,40
111.7837,2.758821757,308.3913036,100,40
112.01165,2.758647588,309.000668,100,40
112.2396,2.75847078,309.609657,100,40
112.46755,2.758291266,310.2182609,100,40
112.6955,2.758050591,310.8198904,100,40
112.92345,2.757917269,311.4335328,100,40
113.1514,2.75772968,312.0409742,100,40
113.37935,2.757540353,312.6481328,100,40
113.6073,2.757348886,313.2549621,100,40
113.83525,2.757153286,313.8612336,100,40
114.0632,2.756952759,314.4668539,100,40
114.29115,2.756748911,315.0720033,100,40
114.5191,2.756541658,315.6766698,100,40
114.74705,2.756331,316.2808511,100,40
114.975,2.756115796,316.8844137,100,40
115.20295,2.755879728,317.4854745,100,40
115.4309,2.7556768,318.0902531,100,40
115.65885,2.755451157,318.692312,100,40
115.8868,2.755221547,319.2938083,100,40
116.11475,2.754987869,319.8947276,100,40
116.3427,2.754750018,320.4950549,100,40
116.57065,2.754507888,321.0947749,100,40
116.7986,2.754261368,321.6938718,100,40
117.02655,2.754010329,322.2923275,100,40
117.2545,2.753754709,322.8901316,100,40
117.48245,2.753494337,323.4872608,100,40
117.7104,2.75322911,324.0836998,100,40
117.93835,2.752958904,324.6794307,100,40
118.1663,2.752683591,325.2744351,100,40
118.39425,2.752403043,325.868694,100,40
118.6222,2.752117127,326.4621882,100,40
118.85015,2.751809446,327.0529655,100,40
119.0781,2.751528637,327.6468022,100,40
119.30605,2.751225782,328.2378808,100,40
119.534,2.750916993,328.8281118,100,40
119.76195,2.750602119,329.4174735,100,40
119.9899,2.7502664,330.0041903,100,40
120.21785,2.749890745,330.5859531,100,40
120.4458,2.749619436,331.1801127,100,40
120.67375,2.749278651,331.7657646,100,40
120.9017,2.748930975,332.350428,100,40
121.12965,2.748576235,332.9340774,100,40
121.3576,2.748214256,333.5166864,100,40
121.58555,2.747844855,334.0982279,100,40
121.8135,2.747467846,334.6786745,100,40
122.04145,2.747083041,335.2579976,100,40
122.2694,2.746690245,335.8361682,100,40
122.49735,2.746289259,336.4131565,100,40
122.7253,2.745879879,336.9889319,100,40
122.95325,2.745461898,337.5634631,100,40
123.1812,2.745035102,338.1367179,100,40
123.40915,2.744430158,338.687793,100,40
123.6371,2.744154191,339.2792661,100,40
123.86505,2.743699625,339.8484912,100,40
124.093,2.743235342,340.4163033,100,40
124.32095,2.742761105,340.9826662,100,40
124.5489,2.742276669,341.5475427,100,40
124.77685,2.741781786,342.1108947,100,40
125.0048,2.741293633,342.6748623,100,40
125.23275,2.740751854,343.2318918,100,40
125.4607,2.740226994,343.7907969,100,40
125.68865,2.739690468,344.3479963,100,40
125.9166,2.739140671,344.9032802,100,40
126.14455,2.738578078,345.4566993,100,40
126.3725,2.738002934,346.0082758,100,40
126.60045,2.737414808,346.5579465,100,40
126.8284,2.736813727,347.1057061,100,40
127.05635,2.736199383,347.6515064,100,40
127.2843,2.735571459,348.1952983,100,40
127.51225,2.734929635,348.7370313,100,40
127.7402,2.734273579,349.2766538,100,40
127.96815,2.733602955,349.814113,100,40
128.1961,2.732917421,350.349355,100,40
128.42405,2.732216626,350.8823246,100,40
128.652,2.731500213,351.4129654,100,40
128.87995,2.730767817,351.9412197,100,40
129.1079,2.730019066,352.4670285,100,40
129.33585,2.729243313,352.9890037,100,40
129.5638,2.728470974,353.5110676,100,40
129.79175,2.727670852,354.0291733,100,40
130.0197,2.726852812,354.5445846,100,40
130.24765,2.726016445,355.0572358,100,40
130.4756,2.725161333,355.56706,100,40
130.70355,2.724287057,356.0739896,100,40
130.9315,2.723393162,356.5779518,100,40
131.15945,2.722479229,357.0788783,100,40
131.3874,2.721544801,357.5766954,100,40
131.61535,2.720589419,358.0713286,100,40
131.8433,2.719545898,358.5539057,100,40
132.07125,2.718613923,359.0507391,100,40
132.2992,2.717592853,359.5353603,100,40
132.52715,2.716548915,360.0164856,100,40
132.7551,2.715481611,360.4940328,100,40
132.98305,2.714390433,360.9679187,100,40
133.211,2.713274865,361.438058,100,40
133.43895,2.712134381,361.9043641,100,40
133.6669,2.71096845,362.3667487,100,40
133.89485,2.709776529,362.8251219,100,40
134.1228,2.708558069,363.2793921,100,40
134.35075,2.70731251,363.7294662,100,40
134.5787,2.706039286,364.1752492,100,40
134.80665,2.704737821,364.6166448,100,40
135.0346,2.703407531,365.0535546,100,40
135.26255,2.702047825,365.485879,100,40
135.4905,2.700658101,365.9135165,100,40
135.71845,2.699237752,366.3363638,100,40
135.9464,2.697786158,366.7543162,100,40
136.17435,2.696302697,367.1672672,100,40
136.4023,2.694786734,367.5751086,100,40
136.63025,2.693237629,367.9777305,100,40
136.8582,2.691654732,368.3750216,100,40
137.08615,2.690037387,368.7668687,100,40
137.3141,2.688384929,369.153157,100,40
137.54205,2.686696688,369.5337702,100,40
137.77,2.684971983,369.9085901,100,40
137.99795,2.683210129,370.2774973,100,40
138.2259,2.681410433,370.6403704,100,40
138.45385,2.679572195,370.9970867,100,40
138.6818,2.677694708,371.347522,100,40
138.90975,2.67577726,371.6915502,100,40
139.1377,2.673819131,372.0290441,100,40
139.36565,2.671819596,372.3598747,100,40
139.5936,2.669777926,372.6839119,100,40
139.82155,2.667693384,373.0010239,100,40
140.0495,2.665565229,373.3110775,100,40
140.27745,2.663392714,373.6139383,100,40
140.5054,2.66117509,373.9094705,100,40
140.73335,2.658911601,374.197537,100,40
140.9613,2.656601489,374.4779995,100,40
141.18925,2.654243991,374.7507184,100,40
141.4172,2.651838342,375.0155532,100,40
141.64515,2.64938332,375.2722978,100,40
141.8731,2.646879513,375.5210018,100,40
142.10105,2.644339076,375.7633592,100,40
142.329,2.641718824,375.9931985,100,40
142.55695,2.639060845,376.2164649,100,40
142.7849,2.636350072,376.4309814,100,40
143.01285,2.633585729,376.6366008,100,40
143.2408,2.630767037,376.833175,100,40
143.46875,2.627676912,376.9895219,100,40
143.6967,2.624963496,377.198592,100,40
143.92465,2.621977096,377.3671358,100,40
144.1526,2.618933242,377.5260361,100,40
144.38055,2.615831165,377.6751422,100,40
144.6085,2.612670093,377.8143032,100,40
144.83645,2.609449263,377.9433677,100,40
145.0644,2.606167911,378.0621843,100,40
145.29235,2.602825279,378.1706015,100,40
145.5203,2.599420614,378.2684676,100,40
145.74825,2.595985517,378.3603461,100,40
145.9762,2.592110328,378.3864157,100,40
146.20415,2.588826965,378.497246,100,40
146.4321,2.585166743,378.551395,100,40
146.66005,2.581444716,378.5948111,100,40
146.888,2.577516333,378.6062191,100,40
147.11595,2.573247791,378.5657934,100,40
147.3439,2.569861284,378.653384,100,40
147.57185,2.565872907,378.6506118,100,40
147.7998,2.561800675,378.6336275,100,40
148.02775,2.557665736,378.6055042,100,40
148.2557,2.553460264,378.5650389,100,40
148.48365,2.549183611,378.5120871,100,40
148.7116,2.54483514,378.4465055,100,40
148.93955,2.540414227,378.3681517,100,40
149.1675,2.535920259,378.2768853,100,40
149.39545,2.531352634,378.1725659,100,40
149.6234,2.52671077,378.0550562,100,40
149.85135,2.521994091,377.9242192,100,40
150.0793,2.517202039,377.77992,100,40
150.30725,2.51233407,377.6220251,100,40
150.5352,2.507389653,377.4504029,100,40
150.76315,2.502361067,377.2638369,100,40
150.9911,2.497269436,377.0654591,100,40
151.21905,2.492092652,376.8518833,100,40
151.447,2.486837455,376.6240721,100,40
151.67495,2.481503396,376.3819035,100,40
151.9029,2.476090038,376.1252574,100,40
152.13085,2.470596964,375.8540162,100,40
152.3588,2.465023737,375.5680586,100,40
152.58675,2.459370083,375.2672881,100,40
152.8147,2.453635526,374.9515768,100,40
153.04265,2.447819754,374.6208218,100,40
153.2706,2.441922436,374.2749169,100,40
153.49855,2.435943259,373.9137581,100,40
153.7265,2.429881928,373.5372442,100,40
153.95445,2.423738586,373.1453409,100,40
154.1824,2.417511716,372.7377584,100,40
154.41035,2.411202335,372.3145965,100,40
154.6383,2.404809802,371.8756996,100,40
154.86625,2.398333913,371.4209793,100,40
155.0942,2.391774481,370.9503497,100,40
155.32215,2.385127149,370.4630767,100,40
155.5501,2.378404338,369.9610327,100,40
155.77805,2.371593347,369.442187,100,40
156.006,2.364698251,368.9071153,100,40
156.23395,2.357718956,368.3557454,100,40
156.4619,2.350655383,367.7880075,100,40
156.68985,2.343507473,367.2038344,100,40
156.9178,2.336275183,366.6031619,100,40
157.14575,2.328958486,365.9859279,100,40
157.3737,2.321557384,365.3520753,100,40
157.60165,2.314089273,364.7042876,100,40
157.8296,2.306501986,364.0342859,100,40
158.05755,2.298847764,363.3502454,100,40
158.2855,2.291109266,362.6493757,100,40
158.51345,2.283286567,361.931631,100,40
158.7414,2.275379757,361.1969682,100,40
158.96935,2.267388944,360.4453466,100,40
159.1973,2.259314249,359.6767284,100,40
159.42525,2.251155809,358.8910777,100,40
159.6532,2.242913776,358.0883616,100,40
159.88115,2.234588314,357.2685495,100,40
160.1091,2.226179606,356.4316131,100,40
160.33705,2.217687843,355.5775266,100,40
160.565,2.209113213,354.7062631,100,40
160.79295,2.200456001,353.8178118,100,40
161.0209,2.191716376,352.9121434,100,40
161.24885,2.182894605,351.9892447,100,40
161.4768,2.173990946,351.0491011,100,40
161.70475,2.165005669,350.0917005,100,40
161.9327,2.155948045,349.1184879,100,40
162.16065,2.146785183,348.1240807,100,40
162.3886,2.137557627,347.1149905,100,40
162.61655,2.128256659,346.0897554,100,40
162.8445,2.118868199,345.0460324,100,40
163.07245,2.109391147,343.9835823,100,40
163.3004,2.099848455,342.9060926,100,40
163.52835,2.090221267,341.810435,100,40
163.7563,2.080515369,340.697499,100,40
163.98425,2.07073113,339.5672913,100,40
164.2122,2.060868927,338.4198204,100,40
164.44015,2.050929146,337.2550963,100,40
164.6681,2.040912179,336.0731307,100,40
164.89605,2.030818426,334.8739367,100,40
165.124,2.020648251,333.6575218,100,40
165.35195,2.010402195,332.4239233,100,40
165.5799,2.00008055,331.1731374,100,40
165.80785,1.989683782,329.9051901,100,40
166.0358,1.979212322,328.6201012,100,40
166.26375,1.968666389,327.3178564,100,40
166.4917,1.958047073,325.9985859,100,40
166.71965,1.94735417,324.6622056,100,40
166.9476,1.936588344,323.3087763,100,40
167.17555,1.925750051,321.9383239,100,40
167.4035,1.914839745,320.5508753,100,40
167.63145,1.903857889,319.1464586,100,40
167.8594,1.892804895,317.725094,100,40
168.08735,1.881681383,316.2868372,100,40
168.3153,1.870487668,314.831693,100,40
168.54325,1.859224274,313.3597017,100,40
168.7712,1.847891676,311.8708956,100,40
168.99915,1.836490348,310.3653078,100,40
169.2271,1.825020769,308.8429722,100,40
169.45505,1.813482977,307.3038485,100,40
169.683,1.801878776,305.7481964,100,40
169.91095,1.790207325,304.1758273,100,40
170.1389,1.778469547,302.5868524,100,40
170.36685,1.766665926,300.9813088,100,40
170.5948,1.754796945,299.3592339,100,40
170.82275,1.74286309,297.7206659,100,40
171.0507,1.730864844,296.0656432,100,40
171.27865,1.718825192,294.3980585,100,40
171.5066,1.70637929,292.6553104,100,40
171.73455,1.694488604,291.0022378,100,40
171.9625,1.682237636,289.2817896,100,40
172.19045,1.669924697,287.5450851,100,40
172.4184,1.657550268,285.7921651,100,40
172.64635,1.64511483,284.0230707,100,40
172.8743,1.632618863,282.2378431,100,40
173.10225,1.620062846,280.4365237,100,40
173.3302,1.607447256,278.6191543,100,40
173.55815,1.594772569,276.7857767,100,40
173.7861,1.58203925,274.9364313,100,40
174.01405,1.569247803,273.0711656,100,40
174.242,1.556398667,271.1900165,100,40
174.46995,1.543492322,269.2930282,100,40
174.6979,1.530529235,267.3802433,100,40
174.92585,1.517509879,265.4517055,100,40
175.1538,1.50460871,263.537933,100,40
175.38175,1.491302249,261.5471982,100,40
175.6097,1.478111305,259.5706829,100,40
175.83765,1.464876069,257.5803655,100,40
176.0656,1.451587642,255.5746491,100,40
176.29355,1.43823322,253.55124,100,40
176.5215,1.424834039,251.5138419,100,40
176.74945,1.411379599,249.4605679,100,40
176.9774,1.397876357,247.3925231,100,40
177.20535,1.384324206,245.3096554,100,40
177.4333,1.370713449,243.2102107,100,40
177.66125,1.357054219,241.0959488,100,40
177.8892,1.343344542,238.9664859,100,40
178.11715,1.329584849,236.8218639,100,40
178.3451,1.315775566,234.6621248,100,40
178.57305,1.301917116,232.4873103,100,40
178.801,1.288009922,230.297462,100,40
179.02895,1.274054399,228.0926213,100,40
179.2569,1.260050964,225.8728296,100,40
179.48485,1.246000027,223.6381279,100,40
179.7128,1.231901997,221.3885571,100,40
179.94075,1.217757279,219.1241581,100,40
180.1687,1.203566276,216.8449714,100,40
180.39665,1.189328732,214.550919,100,40
180.6246,1.175047009,212.2423959,100,40
180.85255,1.160719532,209.9190872,100,40
181.0805,1.146347348,207.581151,100,40
181.30845,1.131930843,205.2286267,100,40
181.5364,1.1174704,202.8615535,100,40
181.76435,1.102966399,200.4799706,100,40
181.9923,1.088419217,198.0839167,100,40
182.22025,1.073829228,195.6734304,100,40
182.4482,1.059196803,193.2485501,100,40
182.67615,1.044524622,190.8097366,100,40
182.9041,1.029806107,188.3557592,100,40
183.13205,1.015048563,185.8879241,100,40
183.36,1.000250032,183.4058458,100,40
183.58795,0.985410869,180.9095613,100,40
183.8159,0.970531426,178.3991075,100,40
184.04385,0.95561205,175.8745208,100,40
184.2718,0.940653088,173.3358376,100,40
184.49975,0.92565488,170.783094,100,40
184.7277,0.910617766,168.2163256,100,40
184.95565,0.895542082,165.6355679,100,40
185.1836,0.88042816,163.0408563,100,40
185.41155,0.865276324,160.4322245,100,40
185.6395,0.849954722,157.7851697,100,40
185.86745,0.834864968,155.1742227,100,40
186.0954,0.819601798,152.5241245,100,40
186.32335,0.804299951,149.8598613,100,40
186.5513,0.788964224,147.1823016,100,40
186.77925,0.773585127,144.4896499,100,40
187.0072,0.758177412,141.7846348,100,40
187.23515,0.742739282,139.0669008,100,40
187.4631,0.727254876,136.3334535,100,40
187.69105,0.711738691,133.5869823,100,40
187.919,0.69619294,130.827881,100,40
188.14695,0.680609354,128.054574,100,40
188.3749,0.665000613,125.269424,100,40
188.60285,0.649347839,122.4688531,100,40
188.8308,0.633664746,119.6554209,100,40
189.05875,0.617948751,116.8286184,100,40
189.2867,0.602199994,113.9884497,100,40
189.51465,0.586418753,111.1349448,100,40
189.7426,0.570605302,108.2681336,100,40
189.97055,0.554759912,105.3880457,100,40
190.1985,0.538882853,102.4947103,100,40
190.42645,0.52297439,99.58815646,100,40
190.6544,0.507034786,96.66841299,100,40
190.88235,0.491064304,93.73550841,100,40
191.1103,0.475063202,90.78947096,100,40
191.33825,0.459031734,87.83032866,100,40
191.5662,0.442970155,84.85810924,100,40
191.79415,0.426878714,81.8728402,100,40
192.0221,0.410757662,78.87454879,100,40
192.25005,0.394607242,75.86326199,100,40
192.478,0.378427698,72.83900655,100,40
192.70595,0.360313769,69.43460717,100,40
192.9339,0.345982202,66.75169547,100,40
193.16185,0.329716722,63.68869208,100,40
193.3898,0.313423069,60.61282456,100,40
193.61775,0.297101471,57.52411842,100,40
193.8457,0.28075216,54.42259895,100,40
194.07365,0.264375362,51.3082914,100,40
194.3016,0.247971266,48.18121368,100,40
194.52955,0.23153366,45.0401386,100,40
194.7575,0.215074604,41.88739226,100,40
194.98545,0.198588571,38.72188196,100,40
195.2134,0.182079817,35.5444202,100,40
195.44135,0.165564129,32.35807679,100,40
195.6693,0.148992792,29.15331527,100,40
195.89725,0.132385683,25.93399131,100,40
196.1252,0.115789657,22.70926966,100,40
196.35315,0.099150095,19.46843344,100,40
196.5811,0.082471367,16.21231197,100,40
